{"cameraMode":{"drawMode":0,"name":"Shaded","section":"Shading Mode"},"sceneLighting":true,"audioPlay":false,"sceneViewState":{"showFog":true,"showMaterialUpdate":false,"showSkybox":true,"showFlares":true,"showImageEffects":true,"showParticleSystems":true},"in2DMode":false,"pivot":{"x":-0.9848645925521851,"y":0.4466390609741211,"z":6.642369747161865},"rotation":{"x":-0.46629655361175539,"y":0.07282953709363938,"z":-0.03855694830417633,"w":-0.8807819485664368},"size":15.89487361907959,"orthographic":false}